{
	"pages": [
		{
			"path": "pages/index/index",
			"style": {
				"navigationBarTitleText": "发现",
				"app-plus": {
					"titleNView": false
				}
			}
		}, {
			"path": "pages/account/index",
			"style": {
				"navigationBarTitleText": "账号",
				"app-plus": {
					"titleNView": false
				}
			}
		}
	],
	"subPackages": [{
			"root": "pages/subpages/index",
			"pages": [{
				"path": "album",
				"style": {
					"navigationBarTitleText": "歌单",
					"navigationStyle": "custom",
					"app-plus": {
						"titleNView": false
					}
				}
			},  {
				"path": "play",
				"style": {
					"navigationBarTitleText": "播放",
					"navigationStyle": "custom",
					"app-plus": {
						"titleNView": false
					}
				}
			}]
		}
	],
	"globalStyle": {
		"navigationBarTextStyle": "black", // 导航栏标题颜色及状态栏前景颜色，仅支持 black/white
		"navigationBarTitleText": "网易云音乐", // 导航栏标题文字内容
		"navigationBarBackgroundColor": "#F8F8F8", // 导航栏背景颜色（同状态栏背景色）
		"backgroundColor": "#F8F8F8" // 窗口的背景色
	},
	"tabBar": {
		"color": "#888",
		"selectedColor": "#ff2419",
		"borderStyle": "white",
		"backgroundColor": "#f9f9f9",
		"list": [{
			"pagePath": "pages/index/index",
			"iconPath": "static/tab/t_1.png",
			"selectedIconPath": "static/tab/t_11.png",
			"text": "发现"
		},{
			"pagePath": "pages/account/index",
			"iconPath": "static/tab/t_5.png",
			"selectedIconPath": "static/tab/t_51.png",
			"text": "账号"
		}]
	}
}
